input_text,target_text
Generar una descripción comercial,"Un producto silla giratoria de diseño ergonómico, ideal para largas jornadas de trabajo. Su base cromada y su respaldo transpirable aportan comodidad y estilo."
Generar una descripción comercial,Lámpara de pie con luz cálida y diseño escandinavo. Perfecta para darle un toque acogedor a tu living o dormitorio.
Generar una descripción comercial,"Un producto mochila escolar con múltiples compartimentos, tiras acolchadas y tela impermeable. Perfecto para estudiantes que buscan estilo y funcionalidad."
Generar una descripción comercial,Auriculares bluetooth con cancelación activa de ruido y batería de larga duración. Aprovechá tu música sin interrupciones donde sea que estés.
Generar una descripción comercial,Escritorio de madera maciza con acabado natural y amplio espacio de trabajo. Un producto combinación de elegancia y funcionalidad para tu oficina en casa.
Generar una descripción comercial,"Monitor ultra ancho de 34 pulgadas, curvo y con resolución QHD. Sumergite en una experiencia visual envolvente."
Generar una descripción comercial,Un reloj de pulsera clásico con correa de cuero y mecanismo analógico. Elegancia atemporal para acompañarte todos los días.
Generar una descripción comercial,Zapatillas deportivas ligeras y transpirables con suela antideslizante. Diseñadas para tu rutina de entrenamiento diario.
Generar una descripción comercial,"Parlante portátil con conectividad bluetooth, resistente al agua y con sonido envolvente 360°. Tu música, en cualquier lugar."
Generar una descripción comercial,"Mesa ratona minimalista de metal con superficie de vidrio templado. Moderna y funcional, ideal para ambientes reducidos."
Generar una descripción comercial,"Heladera con tecnología inverter, bajo consumo y diseño moderno. Conserva tus alimentos con eficiencia y estilo."
Generar una descripción comercial,"Tablet de 10 pulgadas con pantalla HD y procesador veloz. Perfecto para entretenimiento, estudio y navegación."
Generar una descripción comercial,"Un producto impresora multifunción compacta, con conectividad Wi-Fi y bajo consumo de tinta. La aliada ideal para tu oficina en casa."
Generar una descripción comercial,"Campera rompevientos con capucha y cierre impermeable. Ligera, resistente y perfecta para días de clima impredecible."
Generar una descripción comercial,"Un estante flotante de madera natural, fácil de instalar. Perfecto para libros, plantas o elementos decorativos."
Generar una descripción comercial,Set de cubiertos de acero inoxidable con estuche organizador. Elegancia y durabilidad para tu mesa.
Generar una descripción comercial,Termo de acero con aislamiento térmico que mantiene tus bebidas calientes por 12 horas. Práctico y moderno.
Generar una descripción comercial,Bicicleta plegable con marco de aluminio liviano y cambios de 7 velocidades. Perfecto para moverte por la ciudad con agilidad.
Generar una descripción comercial,"Un producto cafetera italiana de aluminio, clásica y duradera. Aprovechá el aroma y sabor del café hecho en casa."
Generar una descripción comercial,Lentes de sol con protección UV400 y diseño retro. Estilo y cuidado para tus ojos en cualquier temporada.
Generar una descripción comercial,"Un producto silla giratoria de diseño ergonómico, ideal para largas jornadas de trabajo. Su base cromada y su respaldo transpirable aportan comodidad y estilo."
Generar una descripción comercial,Lámpara de pie con luz cálida y diseño escandinavo. Perfecta para darle un toque acogedor a tu living o dormitorio.
Generar una descripción comercial,"Un producto mochila escolar con múltiples compartimentos, tiras acolchadas y tela impermeable. Perfecto para estudiantes que buscan estilo y funcionalidad."
Generar una descripción comercial,Auriculares bluetooth con cancelación activa de ruido y batería de larga duración. Aprovechá tu música sin interrupciones donde sea que estés.
Generar una descripción comercial,Escritorio de madera maciza con acabado natural y amplio espacio de trabajo. Un producto combinación de elegancia y funcionalidad para tu oficina en casa.
Generar una descripción comercial,"Monitor ultra ancho de 34 pulgadas, curvo y con resolución QHD. Sumergite en una experiencia visual envolvente."
Generar una descripción comercial,Un reloj de pulsera clásico con correa de cuero y mecanismo analógico. Elegancia atemporal para acompañarte todos los días.
Generar una descripción comercial,Zapatillas deportivas ligeras y transpirables con suela antideslizante. Diseñadas para tu rutina de entrenamiento diario.
Generar una descripción comercial,"Parlante portátil con conectividad bluetooth, resistente al agua y con sonido envolvente 360°. Tu música, en cualquier lugar."
Generar una descripción comercial,"Mesa ratona minimalista de metal con superficie de vidrio templado. Moderna y funcional, ideal para ambientes reducidos."
Generar una descripción comercial,"Heladera con tecnología inverter, bajo consumo y diseño moderno. Conserva tus alimentos con eficiencia y estilo."
Generar una descripción comercial,"Tablet de 10 pulgadas con pantalla HD y procesador veloz. Perfecto para entretenimiento, estudio y navegación."
Generar una descripción comercial,"Un producto impresora multifunción compacta, con conectividad Wi-Fi y bajo consumo de tinta. La aliada ideal para tu oficina en casa."
Generar una descripción comercial,"Campera rompevientos con capucha y cierre impermeable. Ligera, resistente y perfecta para días de clima impredecible."
Generar una descripción comercial,"Un estante flotante de madera natural, fácil de instalar. Perfecto para libros, plantas o elementos decorativos."
Generar una descripción comercial,Set de cubiertos de acero inoxidable con estuche organizador. Elegancia y durabilidad para tu mesa.
Generar una descripción comercial,Termo de acero con aislamiento térmico que mantiene tus bebidas calientes por 12 horas. Práctico y moderno.
Generar una descripción comercial,Bicicleta plegable con marco de aluminio liviano y cambios de 7 velocidades. Perfecto para moverte por la ciudad con agilidad.
Generar una descripción comercial,"Un producto cafetera italiana de aluminio, clásica y duradera. Aprovechá el aroma y sabor del café hecho en casa."
Generar una descripción comercial,Lentes de sol con protección UV400 y diseño retro. Estilo y cuidado para tus ojos en cualquier temporada.
Generar una descripción comercial,"Un producto silla giratoria de diseño ergonómico, ideal para largas jornadas de trabajo. Su base cromada y su respaldo transpirable aportan comodidad y estilo."
Generar una descripción comercial,Lámpara de pie con luz cálida y diseño escandinavo. Perfecta para darle un toque acogedor a tu living o dormitorio.
Generar una descripción comercial,"Un producto mochila escolar con múltiples compartimentos, tiras acolchadas y tela impermeable. Perfecto para estudiantes que buscan estilo y funcionalidad."
Generar una descripción comercial,Auriculares bluetooth con cancelación activa de ruido y batería de larga duración. Aprovechá tu música sin interrupciones donde sea que estés.
Generar una descripción comercial,Escritorio de madera maciza con acabado natural y amplio espacio de trabajo. Un producto combinación de elegancia y funcionalidad para tu oficina en casa.
Generar una descripción comercial,"Monitor ultra ancho de 34 pulgadas, curvo y con resolución QHD. Sumergite en una experiencia visual envolvente."
Generar una descripción comercial,Un reloj de pulsera clásico con correa de cuero y mecanismo analógico. Elegancia atemporal para acompañarte todos los días.
Generar una descripción comercial,Zapatillas deportivas ligeras y transpirables con suela antideslizante. Diseñadas para tu rutina de entrenamiento diario.
Generar una descripción comercial,"Parlante portátil con conectividad bluetooth, resistente al agua y con sonido envolvente 360°. Tu música, en cualquier lugar."
Generar una descripción comercial,"Mesa ratona minimalista de metal con superficie de vidrio templado. Moderna y funcional, ideal para ambientes reducidos."
Generar una descripción comercial,"Heladera con tecnología inverter, bajo consumo y diseño moderno. Conserva tus alimentos con eficiencia y estilo."
Generar una descripción comercial,"Tablet de 10 pulgadas con pantalla HD y procesador veloz. Perfecto para entretenimiento, estudio y navegación."
Generar una descripción comercial,"Un producto impresora multifunción compacta, con conectividad Wi-Fi y bajo consumo de tinta. La aliada ideal para tu oficina en casa."
Generar una descripción comercial,"Campera rompevientos con capucha y cierre impermeable. Ligera, resistente y perfecta para días de clima impredecible."
Generar una descripción comercial,"Un estante flotante de madera natural, fácil de instalar. Perfecto para libros, plantas o elementos decorativos."
Generar una descripción comercial,Set de cubiertos de acero inoxidable con estuche organizador. Elegancia y durabilidad para tu mesa.
Generar una descripción comercial,Termo de acero con aislamiento térmico que mantiene tus bebidas calientes por 12 horas. Práctico y moderno.
Generar una descripción comercial,Bicicleta plegable con marco de aluminio liviano y cambios de 7 velocidades. Perfecto para moverte por la ciudad con agilidad.
Generar una descripción comercial,"Un producto cafetera italiana de aluminio, clásica y duradera. Aprovechá el aroma y sabor del café hecho en casa."
Generar una descripción comercial,Lentes de sol con protección UV400 y diseño retro. Estilo y cuidado para tus ojos en cualquier temporada.
Generar una descripción comercial,"Un producto silla giratoria de diseño ergonómico, ideal para largas jornadas de trabajo. Su base cromada y su respaldo transpirable aportan comodidad y estilo."
Generar una descripción comercial,Lámpara de pie con luz cálida y diseño escandinavo. Perfecta para darle un toque acogedor a tu living o dormitorio.
Generar una descripción comercial,"Un producto mochila escolar con múltiples compartimentos, tiras acolchadas y tela impermeable. Perfecto para estudiantes que buscan estilo y funcionalidad."
Generar una descripción comercial,Auriculares bluetooth con cancelación activa de ruido y batería de larga duración. Aprovechá tu música sin interrupciones donde sea que estés.
Generar una descripción comercial,Escritorio de madera maciza con acabado natural y amplio espacio de trabajo. Un producto combinación de elegancia y funcionalidad para tu oficina en casa.
Generar una descripción comercial,"Monitor ultra ancho de 34 pulgadas, curvo y con resolución QHD. Sumergite en una experiencia visual envolvente."
Generar una descripción comercial,Un reloj de pulsera clásico con correa de cuero y mecanismo analógico. Elegancia atemporal para acompañarte todos los días.
Generar una descripción comercial,Zapatillas deportivas ligeras y transpirables con suela antideslizante. Diseñadas para tu rutina de entrenamiento diario.
Generar una descripción comercial,"Parlante portátil con conectividad bluetooth, resistente al agua y con sonido envolvente 360°. Tu música, en cualquier lugar."
Generar una descripción comercial,"Mesa ratona minimalista de metal con superficie de vidrio templado. Moderna y funcional, ideal para ambientes reducidos."
Generar una descripción comercial,"Heladera con tecnología inverter, bajo consumo y diseño moderno. Conserva tus alimentos con eficiencia y estilo."
Generar una descripción comercial,"Tablet de 10 pulgadas con pantalla HD y procesador veloz. Perfecto para entretenimiento, estudio y navegación."
Generar una descripción comercial,"Un producto impresora multifunción compacta, con conectividad Wi-Fi y bajo consumo de tinta. La aliada ideal para tu oficina en casa."
Generar una descripción comercial,"Campera rompevientos con capucha y cierre impermeable. Ligera, resistente y perfecta para días de clima impredecible."
Generar una descripción comercial,"Un estante flotante de madera natural, fácil de instalar. Perfecto para libros, plantas o elementos decorativos."
Generar una descripción comercial,Set de cubiertos de acero inoxidable con estuche organizador. Elegancia y durabilidad para tu mesa.
Generar una descripción comercial,Termo de acero con aislamiento térmico que mantiene tus bebidas calientes por 12 horas. Práctico y moderno.
Generar una descripción comercial,Bicicleta plegable con marco de aluminio liviano y cambios de 7 velocidades. Perfecto para moverte por la ciudad con agilidad.
Generar una descripción comercial,"Un producto cafetera italiana de aluminio, clásica y duradera. Aprovechá el aroma y sabor del café hecho en casa."
Generar una descripción comercial,Lentes de sol con protección UV400 y diseño retro. Estilo y cuidado para tus ojos en cualquier temporada.
Generar una descripción comercial,"Un producto silla giratoria de diseño ergonómico, ideal para largas jornadas de trabajo. Su base cromada y su respaldo transpirable aportan comodidad y estilo."
Generar una descripción comercial,Lámpara de pie con luz cálida y diseño escandinavo. Perfecta para darle un toque acogedor a tu living o dormitorio.
Generar una descripción comercial,"Un producto mochila escolar con múltiples compartimentos, tiras acolchadas y tela impermeable. Perfecto para estudiantes que buscan estilo y funcionalidad."
Generar una descripción comercial,Auriculares bluetooth con cancelación activa de ruido y batería de larga duración. Aprovechá tu música sin interrupciones donde sea que estés.
Generar una descripción comercial,Escritorio de madera maciza con acabado natural y amplio espacio de trabajo. Un producto combinación de elegancia y funcionalidad para tu oficina en casa.
Generar una descripción comercial,"Monitor ultra ancho de 34 pulgadas, curvo y con resolución QHD. Sumergite en una experiencia visual envolvente."
Generar una descripción comercial,Un reloj de pulsera clásico con correa de cuero y mecanismo analógico. Elegancia atemporal para acompañarte todos los días.
Generar una descripción comercial,Zapatillas deportivas ligeras y transpirables con suela antideslizante. Diseñadas para tu rutina de entrenamiento diario.
Generar una descripción comercial,"Parlante portátil con conectividad bluetooth, resistente al agua y con sonido envolvente 360°. Tu música, en cualquier lugar."
Generar una descripción comercial,"Mesa ratona minimalista de metal con superficie de vidrio templado. Moderna y funcional, ideal para ambientes reducidos."
Generar una descripción comercial,"Heladera con tecnología inverter, bajo consumo y diseño moderno. Conserva tus alimentos con eficiencia y estilo."
Generar una descripción comercial,"Tablet de 10 pulgadas con pantalla HD y procesador veloz. Perfecto para entretenimiento, estudio y navegación."
Generar una descripción comercial,"Un producto impresora multifunción compacta, con conectividad Wi-Fi y bajo consumo de tinta. La aliada ideal para tu oficina en casa."
Generar una descripción comercial,"Campera rompevientos con capucha y cierre impermeable. Ligera, resistente y perfecta para días de clima impredecible."
Generar una descripción comercial,"Un estante flotante de madera natural, fácil de instalar. Perfecto para libros, plantas o elementos decorativos."
Generar una descripción comercial,Set de cubiertos de acero inoxidable con estuche organizador. Elegancia y durabilidad para tu mesa.
Generar una descripción comercial,Termo de acero con aislamiento térmico que mantiene tus bebidas calientes por 12 horas. Práctico y moderno.
Generar una descripción comercial,Bicicleta plegable con marco de aluminio liviano y cambios de 7 velocidades. Perfecto para moverte por la ciudad con agilidad.
Generar una descripción comercial,"Un producto cafetera italiana de aluminio, clásica y duradera. Aprovechá el aroma y sabor del café hecho en casa."
Generar una descripción comercial,Lentes de sol con protección UV400 y diseño retro. Estilo y cuidado para tus ojos en cualquier temporada.
